le_transfer,name,oblast_name
00214534,м. Харків,Харківська
01107935,Фастівський район,Київська
01107970,м. Стрий,Львівська
01110854,Конотопський район,Сумська
42352786,м. Івано-Франківськ,Іван-Франківська
01111598,Кременчуцький район,Полтавська
01111701,Синельниківський район,Дніпропетровська
01981520,Ямпільський район,Сумська
01981655,м. Київ,м. Київ
01982778,Шацький район,Волинська
01982940,Ковельський район,Волинська
01983814,м. Херсон,Херсонська
01984228,м. Трускавець,Львівська
01984276,м. Львів,Львівська
01985305,м. Лисичанськ,Луганська
42510481,Богородчанський район,Іван-Франківська
01993470,Тисменицький район,Іван-Франківська
01993486,Тисменицький район,Іван-Франківська
01993534,Косівський район,Іван-Франківська
01993546,Косівський район,Іван-Франківська
01993629,Снятинський район,Іван-Франківська
01994178,Поліський район,Київська
01994600,Білоцерківський район,Київська
42637772,Кагарлицький район,Київська
01996208,Жидачівський район,Львівська
01996272,Золочівський район,Львівська
01996326,Кам`янка-Бузький район,Львівська
01996409,Жовківський район,Львівська
01996504,Перемишлянський район,Львівська
01996622,м. Львів,Львівська
01996645,м. Львів,Львівська
01996651,м. Львів,Львівська
01996668,м. Львів,Львівська
01996674,м. Львів,Львівська
01997248,Сокальський район,Львівська
01997633,Буський район,Львівська
01997679,м. Львів,Львівська
01998035,Пустомитівський район,Львівська
01998101,Радехівський район,Львівська
01998226,Бродівський район,Львівська
01998839,Миколаївський район,Одеська
01998940,м. Одеса,Одеська
01999069,м. Одеса,Одеська
01999891,Демидівський район,Рівненська
02001506,м. Харків,Харківська
02002397,Печенізький район,Харківська
02003445,м. Харків,Харківська
02003474,м. Харків,Харківська
02003540,м. Харків,Харківська
02003646,м. Харків,Харківська
02003698,м. Харків,Харківська
02003729,м. Харків,Харківська
02003735,м. Харків,Харківська
02003764,м. Харків,Харківська
02003770,м. Харків,Харківська
02003853,м. Харків,Харківська
02004120,м. Херсон,Херсонська
02004982,м. Черкаси,Черкаська
02005728,Вижницький район,Чернівецька
02006596,м. Чернігів,Чернігівська
02007101,м. Львів,Львівська
02007503,Великописарівський район,Сумська
02007532,Конотопський район,Сумська
02007555,Лебединський район,Сумська
02063341,м. Одеса,Одеська
02063387,Овідіопольський район,Одеська
02064116,м. Київ,м. Київ
02774154,м. Чернігів,Чернігівська
02774496,м. Одеса,Одеська
02774510,м. Одеса,Одеська
02774556,м. Одеса,Одеська
02774579,м. Одеса,Одеська
02774639,м. Одеса,Одеська
02774668,м. Одеса,Одеська
02774674,м. Одеса,Одеська
02774680,м. Одеса,Одеська
02774697,м. Одеса,Одеська
02774705,м. Одеса,Одеська
03003683,м. Харків,Харківська
03068582,м. Рівне,Рівненська
03069535,Костопільський район,Рівненська
03078116,м. Черкаси,Черкаська
03078209,м. Львів,Львівська
03083133,м. Суми,Сумська
03293480,м. Харків,Харківська
03293758,м. Харків,Харківська
03293913,м. Харків,Харківська
03293936,м. Харків,Харківська
03568132,м. Київ,м. Київ
04528442,м. Тернопіль,Тернопільська
04543022,м. Луцьк,Волинська
04591208,м. Чернігів,Чернігівська
05393116,м. Дніпро,Дніпропетровська
05396876,м. Херсон,Херсонська
05480619,м. Чернігів,Чернігівська
05481369,м. Чернівці,Чернівецька
05483150,м. Миколаїв,Миколаївська
05483182,м. Миколаїв,Миколаївська
05483581,Прилуцький район,Чернігівська
05484362,м. Вінниця,Вінницька
05766356,м. Суми,Сумська
13470061,Апостолівський район,Дніпропетровська
13663624,м. Івано-Франківськ,Іван-Франківська
13749863,м. Кропивницький,Кіровоградська
13802089,м. Стрий,Львівська
13821460,Дрогобицький район,Львівська
14233274,м. Чернігів,Чернігівська
14242161,м. Чернігів,Чернігівська
14257872,м. Чернівці,Чернівецька
14307794,м. Запоріжжя,Запорізька
ФОП Качан Олександр Анатолійович,Вишгородський район,Київська
19163609,м. Дрогобич,Львівська
20122722,м. Луцьк,Волинська
20761149,м. Львів,Львівська
20763160,Турківський район,Львівська
20763272,Яворівський район,Львівська
20763289,Яворівський район,Львівська
20763295,Яворівський район,Львівська
20763591,м. Борислав,Львівська
20763711,Дрогобицький район,Львівська
20763852,Жидачівський район,Львівська
20763929,Жидачівський район,Львівська
20763941,Жовківський район,Львівська
20764225,Кам`янка-Бузький район,Львівська
20764231,Кам`янка-Бузький район,Львівська
20764294,Миколаївський район,Львівська
20764314,Миколаївський район,Львівська
20764478,Радехівський район,Львівська
20764627,Самбірський район,Львівська
20764716,Сколівський район,Львівська
20765006,Старосамбірський район,Львівська
20851349,м. Львів,Львівська
Фізична особа - підприємець Демко Оксана Дем'янівна,Мостиський район,Львівська
ФОП Собчук Ніна Миколаївна,Літинський район,Вінницька
21367489,м. Черкаси,Черкаська
21467676,м. Київ,м. Київ
21522748,м. Київ,м. Київ
Фізична особа-підприємець Мриглод Людмила Василівна,Андрушівський район,Житомирська
Фізична Особа Підприємець Московенко Олена Дмитрівна,м. Київ,м. Київ
Фізична особа - підприємець Демко Ірина Дем'янівна,м. Львів,Львівська
ФОП Лужецька Ольга Томашівна,Хустський район,Закарпатська
ФОП Супик Галина Михайлівна,м. Івано-Франківськ,Іван-Франківська
ФІЗИЧНА ОСОБА-ПІДПРИЄМЕЦЬ БІЛИЙ СЕРГІЙ ВОЛОДИМИРОВИЧ,Фастівський район,Київська
Фізична особа підприємець Глебчук Сергій Андрійович,Косівський район,Іван-Франківська
22201472,Києво-Святошинський район,Київська
22208209,Білоцерківський район,Київська
Фізична особа-підприємець Ящишин Оксана Михайлівна,м. Стрий,Львівська
22398210,Яворівський район,Львівська
22421239,Дрогобицький район,Львівська
ФО-П Герасій Володимир Дмитрович,Підволочиський район,Тернопільська
22645921,м. Харків,Харківська
22658190,м. Харків,Харківська
ФОП Ощипко Ірина Георгіївна,Дрогобицький район,Львівська
23002303,м. Харків,Харківська
Фізична особа-підприємець Банас Валентина Василівна,м. Хмельницький,Хмельницька
ФОП ГРИШАЙ ЄВГЕН ВАДИМОВИЧ,м. Київ,м. Київ
Фізична особа-підприємець Гік Ольга Миколаївна,Великолепетиський район,Херсонська
23248085,м. Чернівці,Чернівецька
Фізична особа-підприємець Рондяк Богдан Ярославович,Стрийський район,Львівська
Фізична особа-підприємець Чулей Олександр Юрійович,Мукачівський район,Закарпатська
23333767,м. Харків,Харківська
23379143,м. Київ,м. Київ
Фізична особа - підприємець Білик Роман Павлович,Снятинський район,Іван-Франківська
Фізична особа-підприємець Миронець Руслана Леонтіївна,Корецький район,Рівненська
Фізична особа підприємець Попова Світлана Юріївна,м. Кривий Ріг,Дніпропетровська
Фізична особа-підприємець Завидовський Олексій Іванович,Бородянський район,Київська
23826613,м. Суми,Сумська
Фізична особа-підприємець Опока Інна Григорівна,м. Борислав,Львівська
23935503,м. Дніпро,Дніпропетровська
23957835,м. Львів,Львівська
23970286,м. Львів,Львівська
23987641,м. Одеса,Одеська
Фізична особа - підприємець Молнар Адальберт Войтехович,Мукачівський район,Закарпатська
Фізична особа підприємець Ярема Лариса Миколаївна,м. Кривий Ріг,Дніпропетровська
Фізична особа-підприємець Рондяк Олександра Зіновіївна,Стрийський район,Львівська
Фізична особа-підприємець Романовська Наталія Іванівна,м. Хмельницький,Хмельницька
ФОП Димура Євгенія Захарівна,Саратський район,Одеська
24270460,м. Харків,Харківська
ФОП Каракевич Юрій Михайлович,м. Дрогобич,Львівська
24341622,м. Харків,Харківська
ФОП Зубрицька Надія Степанівна,Городоцький район,Львівська
Фізична особа-підприємець Гардубей Ірина Іванівна,Мукачівський район,Закарпатська
Фізична особа-підприємець Пасулька Тамара Йосипівна,Хустський район,Закарпатська
Фізична особа-підприємець Коробка Лариса Іванівна,Корецький район,Рівненська
24767255,м. Одеса,Одеська
ФОП Кучеренко Антоніна Іванівна,Хустський район,Закарпатська
25025314,м. Одеса,Одеська
25064231,Косівський район,Іван-Франківська
ФОП Шморгун Ірина Іванівна,Балаклійський район,Харківська
Фізична особа підприємець Плаксій Віктор Михайлович,Косівський район,Іван-Франківська
25180090,м. Харків,Харківська
Фізична особа - підприємець Кравчук Світлана Миколаївна,Виноградівський район,Закарпатська
25232763,м. Львів,Львівська
ФОП Терещук Ольга Миколаївна,м. Суми,Сумська
25375178,м. Миколаїв,Миколаївська
25463416,м. Харків,Харківська
25502352,м. Вінниця,Вінницька
Фізична особа - підприємець Маланчик Ігор Анатолійович,м. Мирноград,Донецька
ФОП Тімнов Вадим Олександрович,Первомайський район,Миколаївська
ФОП Бичик Анжеліка Василівна,м. Вінниця,Вінницька
25787627,м. Луцьк,Волинська
25787633,м. Луцьк,Волинська
25790167,Тисменицький район,Іван-Франківська
ФОП Карпенко Тетяна Анатоліївна,м. Запоріжжя,Запорізька
Фізична особа -підприємець Царук Олександра Ярославівна,м. Івано-Франківськ,Іван-Франківська
ФОП Андрієв Олег Олександрович,Городнянський район,Чернігівська
Фізична особа - підприємець Козлов Вадим Владиславович,м. Київ,м. Київ
ФОП Плис Людмила Павлівна,Лубенський район,Полтавська
ФОП Лелека Злата Володимирівна,м. Київ,м. Київ
26150984,м. Харків,Харківська
Фізична особа підприємець Феденко Наталія Романівна,Сколівський район,Львівська
26188550,м. Київ,м. Київ
26188946,м. Київ,м. Київ
26189130,м. Київ,м. Київ
26189147,м. Київ,м. Київ
Фізична особа - підприємець Ніконоров Валерій Миколайович,Городоцький район,Львівська
26199418,м. Київ,м. Київ
26244596,м. Вінниця,Вінницька
26353612,Дубенський район,Рівненська
26376820,Роменський район,Сумська
26418688,Ізмаїльський район,Одеська
26470275,м. Одеса,Одеська
26472082,м. Одеса,Одеська
26482717,Калуський район,Іван-Франківська
26553305,м. Горішні Плавні,Полтавська
ФОП Середич Лілія Петрівна,м. Львів,Львівська
Фізична особа-підприємець Дичка Віктор Васильович,Мукачівський район,Закарпатська
Підприємець - фізична особа Пивовар Ярослав Віталійович,м. Київ,м. Київ
ФОП Токарчук Оксана Миронівна,Коломийський район,Іван-Франківська
Фізична особа-підприємець Король Оксана Дмитрівна,Близнюківський район,Харківська
ФОП Ковенько Тетяна Сергіївна,Володимирецький район,Рівненська
ФОП Горошко Анатолій Миколайович,м. Дніпро,Дніпропетровська
Фізична особа підприємець Фалько Ольга Василівна,Долинський район,Іван-Франківська
ФОП Грушецька Світлана Іванівна,м. Славутич,Київська
Фізична особа-підприємець МИЗОВЕЦЬ ІРИНА ОЛЕКСІЇВНА,Ковельський район,Волинська
ФіЗИЧНА ОСОБА - ПІДПРИЄМЕЦЬ КАЛЬДЯЄВА ОКСАНА МИКОЛАЇВНА,м. Чернігів,Чернігівська
Фізична особа - підприємець  Завороцька Наталія Олександрівна,м. Київ,м. Київ
Фізична особа-підприємець Коровкіна Катерина Юріївна,Первомайський район,Миколаївська
Фізична особа-підприємець Мегединик Ганна Володимирівна,Коломийський район,Іван-Франківська
ФОП Кірчева Олена Іванівна,м. Одеса,Одеська
ФОП Гром Олег Михайлович,Березнівський район,Рівненська
ФІЗИЧНА ОСОБА-ПІДПРИЄМЕЦЬ МАЗУР ГАННА МИКОЛАЇВНА,м. Чернігів,Чернігівська
ФОП Михайлів Леся Михайлівна,Бучацький район,Тернопільська
ФОП БОЙКО ТЕТЯНА ВОЛОДИМИРІВНА,м. Київ,м. Київ
ФОП Соколюк Віра Михайлівна,м. Яремче,Іван-Франківська
ФОП ЗАРЕМБА-ФЕДЧИШИН ОЛЕНА ВІТАЛІЇВНА,м. Львів,Львівська
Фізична особа-підприємець Баклан Олександр Володимирович,Дубровицький район,Рівненська
Фізична особа підприємець Мовчан Олена Миколаївна,м. Житомир,Житомирська
Фізична особа - підприємець Сербін Олег Володимирович,м. Запоріжжя,Запорізька
ФОП Ковтун Людмила Володимирівна,Кодимський район,Одеська
Фізична особа підприємець Клімук Катерина Василівна,м. Кривий Ріг,Дніпропетровська
Тодика Юлія Ігорівна,м. Київ,м. Київ
Фізична особа-підприємець Субчак Наталія Миколаївна,Бердичівський район,Житомирська
30011521,м. Дніпро,Дніпропетровська
Фізична особа-підприємець Гопка Алла Миколаївна,м. Рівне,Рівненська
30083840,м. Миколаїв,Миколаївська
ФОП Наговський Олександр Ігорович,Мукачівський район,Закарпатська
ФОП Козяр Ольга Віталіївна,Городоцький район,Хмельницька
30300749,м. Київ,м. Київ
30311923,м. Чернівці,Чернівецька
30514886,м. Одеса,Одеська
30521595,м. Чернігів,Чернігівська
ФОП Тимощук Наталія Михайлівна,Тячівський район,Закарпатська
30613643,Кременчуцький район,Полтавська
ФІЗИЧНА ОСОБА - ПІДПРИЄМЕЦЬ ЛАТОХА ІЛЛЯ ОЛЕКСАНДРОВИЧ,м. Чернігів,Чернігівська
ФОП Польний Андрій Мирославович,м. Тернопіль,Тернопільська
30844172,м. Чернівці,Чернівецька
ФОП Гузов Марія Андріївна,Тячівський район,Закарпатська
Фізична особа-підприємець Сергєєв Сергій Олександрович,Світловодський район,Кіровоградська
31066166,м. Суми,Сумська
Фізична особа - підприємець Нечай Катерина Василівна,Чугуївський район,Харківська
31300540,м. Луцьк,Волинська
31413640,м. Київ,м. Київ
31444479,м. Київ,м. Київ
31589486,м. Львів,Львівська
ФОП Солодун Анна Іванівна,м. Запоріжжя,Запорізька
31733636,м. Харків,Харківська
31766242,м. Харків,Харківська
31886695,м. Харків,Харківська
31886847,м. Харків,Харківська
31939013,м. Харків,Харківська
Фізична особа - підприємець Порташ Лариса Юріївна,Іршавський район,Закарпатська
32032384,м. Харків,Харківська
Фоп Ващенко Владислав Миколайович,Бориспільський район,Київська
ФОП ГАЛАЙ МАР'ЯНА МИКОЛАЇВНА,Борщівський район,Тернопільська
32120543,м. Одеса,Одеська
32149096,м. Харків,Харківська
32193145,м. Дніпро,Дніпропетровська
32236141,м. Харків,Харківська
32277990,м. Нова Каховка,Херсонська
32377420,м. Київ,м. Київ
32418147,м. Моршин,Львівська
ФОП Чорновол Дмитро Юрійович,Широківський район,Дніпропетровська
ФІЗИЧНА ОСОБА-ПІДПРИЄМЕЦЬ М'ягков Вадим Олександрович,м. Одеса,Одеська
ФОП Білишко Дмитро Віталійович,Кременчуцький район,Полтавська
ФОП Лійка Віолета Юріївна,м. Київ,м. Київ
Фізична особа - підприємець Марункевич Марія Володимирівна,Стрийський район,Львівська
Фізічна особа-підприємець Корнєєв Тарас Ігорович,м. Київ,м. Київ
32884395,м. Миколаїв,Миколаївська
ФІЗИЧНА ОСОБА-ПІДПРИЄМЕЦЬ ІВАНОВ ДМИТРО ВАЛЕНТИНОВИЧ,Сумський район,Сумська
ФОП Нагорнюк Олена Миколаївна,Володарський район,Київська
32982740,м. Київ,м. Київ
ФІЗИЧНА ОСОБА-ПІДПРИЄМЕЦЬ МАГНИЧ ВІКТОРІЯ МИХАЙЛІВНА,Верховинський район,Іван-Франківська
ФОП Данильчук Михайло Петрович,Шумський район,Тернопільська
ФІЗИЧНА ОСОБА-ПІДПРИЄМЕЦЬ Труш Ірина Вікторівна,м. Одеса,Одеська
33128475,м. Житомир,Житомирська
33244368,м. Київ,м. Київ
42588563,Калуський район,Іван-Франківська
33305027,м. Київ,м. Київ
ФОП Дяченко Роман Ігорович,Христинівський район,Черкаська
Фізична особа - підприємець Бондарук Катерина Миколаївна,м. Одеса,Одеська
Фізична особа - підприємець Ковальова Алла Олександрівна,м. Одеса,Одеська
ФІЗИЧНА ОСОБА-ПІДПРИЄМЕЦЬ Крамаренко Євгенія Миколаївна,м. Одеса,Одеська
33628165,м. Чернівці,Чернівецька
33729256,Броварський район,Київська
33797005,м. Кропивницький,Кіровоградська
41736008,м. Славутич,Київська
ФОП Олексенко Альона Вікторівна,Новгородківський район,Кіровоградська
33982673,м. Рівне,Рівненська
33982708,м. Рівне,Рівненська
34017621,м. Харків,Харківська
34017656,м. Харків,Харківська
34017661,м. Харків,Харківська
34174035,Близнюківський район,Харківська
34205047,Середино-Будський район,Сумська
34460520,м. Житомир,Житомирська
34563680,Мукачівський район,Закарпатська
34572255,м. Луцьк,Волинська
ФОП Татарникова Олена Юріївна,м. Дніпро,Дніпропетровська
34719478,Мелітопольський район,Запорізька
34815103,Жидачівський район,Львівська
34933234,м. Суми,Сумська
35183119,м. Запоріжжя,Запорізька
35461148,Бердичівський район,Житомирська
35479197,Шепетівський район,Хмельницька
35512883,м. Миколаїв,Миколаївська
35527334,м. Вінниця,Вінницька
35599262,Барський район,Вінницька
35814781,Козятинський район,Вінницька
36132809,Снятинський район,Іван-Франківська
42588046,Тернопільський район,Тернопільська
36148117,Києво-Святошинський район,Київська
36152013,м. Маріуполь,Донецька
36194399,Дрогобицький район,Львівська
36331699,Томашпільський район,Вінницька
38288860,Монастириський район,Тернопільська
36417058,м. Львів,Львівська
36721693,Криворізький район,Дніпропетровська
36723287,П`ятихатський район,Дніпропетровська
36725368,Петропавлівський район,Дніпропетровська
36729598,Широківський район,Дніпропетровська
36730425,Томаківський район,Дніпропетровська
36733489,м. Івано-Франківськ,Іван-Франківська
36734786,Новоукраїнський район,Кіровоградська
36749200,Герцаївський район,Чернівецька
36750153,Кельменецький район,Чернівецька
36751712,Глибоцький район,Чернівецька
36752522,Заставнівський район,Чернівецька
36753285,Вижницький район,Чернівецька
36754912,Путильський район,Чернівецька
36759418,Тульчинський район,Вінницька
36761597,Жовківський район,Львівська
36771482,м. Ватутіне,Черкаська
36834023,Бершадський район,Вінницька
36877528,Юр`ївський район,Дніпропетровська
36886375,м. Вінниця,Вінницька
36892237,Тростянецький район,Вінницька
36897408,Новоселицький район,Чернівецька
36897649,Новоселицький район,Чернівецька
36905591,Хмільницький район,Вінницька
36907949,Черняхівський район,Житомирська
36928740,Ружинський район,Житомирська
36936441,Новоград-Волинський район,Житомирська
37004278,Покровський район,Дніпропетровська
37048032,Мурованокуриловецький район,Вінницька
37078161,Шосткинський район,Сумська
37084458,Крижопільський район,Вінницька
37133248,Оратівський район,Вінницька
37179654,Погребищенський район,Вінницька
37186001,Глухівський район,Сумська
37248104,Чернівецький район,Вінницька
37258835,Калинівський район,Вінницька
37261811,м. Жмеринка,Вінницька
37263866,м. Хмельницький,Хмельницька
37291495,Овідіопольський район,Одеська
37294246,Тиврівський район,Вінницька
37294350,Гайсинський район,Вінницька
37305345,Кривоозерський район,Миколаївська
37320232,Петриківський район,Дніпропетровська
37323500,Ставищенський район,Київська
37329345,Старосинявський район,Хмельницька
37336085,Біловодський район,Луганська
37336724,Немирівський район,Вінницька
37336813,Липовецький район,Вінницька
37337644,Теплицький район,Вінницька
37337707,Шаргородський район,Вінницька
37339271,Покровський район,Донецька
37343988,Котелевський район,Полтавська
37344850,Конотопський район,Сумська
37357372,Піщанський район,Вінницька
37409493,м. Івано-Франківськ,Іван-Франківська
37423921,Іллінецький район,Вінницька
37463503,м. Тернівка,Дніпропетровська
37464470,Новосанжарський район,Полтавська
37472460,Літинський район,Вінницька
37489689,Вінницький район,Вінницька
37513810,Бершадський район,Вінницька
37516942,Криничанський район,Дніпропетровська
37522155,м. Торецьк,Донецька
37544435,Ясинуватський район,Донецька
37555384,Магдалинівський район,Дніпропетровська
37564210,м. Сєвєродонецьк,Луганська
37564865,Захарівський район,Одеська
37565151,Ренійський район,Одеська
37580028,Могилів-Подільський район,Вінницька
37636913,Ямпільський район,Вінницька
37643585,м. Марганець,Дніпропетровська
37643758,Слов`янський район,Донецька
37647637,Чечельницький район,Вінницька
37650241,Новобузький район,Миколаївська
37650571,Лубенський район,Полтавська
37677106,Верхньодніпровський район,Дніпропетровська
37677525,Нікопольський район,Дніпропетровська
37691162,м. Вінниця,Вінницька
37691403,м. Покров,Дніпропетровська
37691686,Великоновосілківський район,Донецька
37691796,Нікольський район,Донецька
37695958,Костянтинівський район,Донецька
37714802,м. Ізюм,Харківська
37730625,Царичанський район,Дніпропетровська
37734221,Новомосковський район,Дніпропетровська
37735597,Павлоградський район,Дніпропетровська
37735655,Павлоградський район,Дніпропетровська
37741878,Синельниківський район,Дніпропетровська
37755220,Добропільський район,Донецька
37789087,Софіївський район,Дніпропетровська
37791248,м. Селидове,Донецька
37793580,м. Маріуполь,Донецька
37802778,Добропільський район,Донецька
37803043,Покровський район,Донецька
37803279,Слов`янський район,Донецька
37803420,м. Мирноград,Донецька
37804885,м. Першотравенськ,Дніпропетровська
37834197,Новомосковський район,Дніпропетровська
37836978,Апостолівський район,Дніпропетровська
37837203,Нікопольський район,Дніпропетровська
37838741,Великомихайлівський район,Одеська
37861791,м. Кривий Ріг,Дніпропетровська
37861807,м. Кривий Ріг,Дніпропетровська
37861828,м. Кривий Ріг,Дніпропетровська
37862093,м. Кривий Ріг,Дніпропетровська
37862109,м. Кривий Ріг,Дніпропетровська
37862114,м. Кривий Ріг,Дніпропетровська
37862122,м. Кривий Ріг,Дніпропетровська
37862491,Мар`їнський район,Донецька
37865549,Дніпровський район,Дніпропетровська
37867877,Березнівський район,Рівненська
37868949,Бахмутський район,Донецька
37870916,Васильківський район,Дніпропетровська
37870963,Мангушський район,Донецька
37871459,м. Вільногірськ,Дніпропетровська
37885220,м. Маріуполь,Донецька
37885262,м. Маріуполь,Донецька
37885278,м. Маріуполь,Донецька
37885283,м. Маріуполь,Донецька
37890822,Костянтинівський район,Донецька
37894885,Лиманський район,Донецька
37899673,м. Дніпро,Дніпропетровська
37899694,м. Дніпро,Дніпропетровська
37899708,м. Дніпро,Дніпропетровська
37899715,м. Дніпро,Дніпропетровська
37899720,м. Дніпро,Дніпропетровська
37899736,м. Дніпро,Дніпропетровська
37899741,м. Дніпро,Дніпропетровська
37899757,м. Дніпро,Дніпропетровська
37899762,м. Дніпро,Дніпропетровська
37899778,м. Дніпро,Дніпропетровська
37899872,м. Дніпро,Дніпропетровська
37899888,м. Дніпро,Дніпропетровська
37906491,м. Кам`янське,Дніпропетровська
37906528,м. Кам`янське,Дніпропетровська
37906554,м. Кам`янське,Дніпропетровська
37908965,Межівський район,Дніпропетровська
37909178,м. Новогродівка,Донецька
37910005,Обухівський район,Київська
37916075,Солонянський район,Дніпропетровська
37916782,Перечинський район,Закарпатська
37917880,Білоцерківський район,Київська
37920406,Великоолександрівський район,Херсонська
37927092,Бахмутський район,Донецька
37928735,Попаснянський район,Луганська
37934309,м. Вугледар,Донецька
37937247,м. Дружківка,Донецька
37944296,м. Краматорськ,Донецька
37944301,м. Краматорськ,Донецька
37944783,Благовіщенський район,Кіровоградська
37948306,Валківський район,Харківська
37949226,Нижньосірогозький район,Херсонська
37953735,Лохвицький район,Полтавська
37980245,Волноваський район,Донецька
37980334,Олександрівський район,Донецька
37981165,Троїцький район,Луганська
37984543,м. Лозова,Харківська
37989819,м. Маріуполь,Донецька
37990714,м. Авдіївка,Донецька
37997217,Мелітопольський район,Запорізька
38006590,Народицький район,Житомирська
38006758,Новоград-Волинський район,Житомирська
38008760,Кегичівський район,Харківська
38008823,Харківський район,Харківська
38008907,Харківський район,Харківська
38008933,Харківський район,Харківська
38016132,Білокуракинський район,Луганська
38019903,Недригайлівський район,Сумська
38031318,Могилів-Подільський район,Вінницька
38036489,Фастівський район,Київська
38037938,Первомайський район,Миколаївська
38043234,Згурівський район,Київська
38044086,Заліщицький район,Тернопільська
38055061,м. Вінниця,Вінницька
38065200,Великобілозерський район,Запорізька
38068793,Берегівський район,Закарпатська
38070116,Розівський район,Запорізька
38071552,м. Полтава,Полтавська
38072476,Новоушицький район,Хмельницька
38072569,Ізяславський район,Хмельницька
38073028,Носівський район,Чернігівська
38073489,Яготинський район,Київська
38085929,Кагарлицький район,Київська
38086042,м. Кремінна,Луганська
38087224,Кілійський район,Одеська
38094142,Арбузинський район,Миколаївська
38094247,Веселинівський район,Миколаївська
38096553,Іванівський район,Одеська
38107156,Баранівський район,Житомирська
38115324,м. Дніпро,Дніпропетровська
38135969,Новоайдарський район,Луганська
38136150,м. Суми,Сумська
38147602,Савранський район,Одеська
38156360,м. Одеса,Одеська
38164193,Миронівський район,Київська
38165140,Сватівський район,Луганська
38182296,Рахівський район,Закарпатська
40196816,Балтський район,Одеська
38184885,Болградський район,Одеська
38186479,Високопільський район,Херсонська
38188020,м. Лисичанськ,Луганська
38194961,Гусятинський район,Тернопільська
38195242,Деражнянський район,Хмельницька
38195551,Чемеровецький район,Хмельницька
38196712,м. Київ,м. Київ
38201051,Олександрійський район,Кіровоградська
38212647,Генічеський район,Херсонська
38215258,Хорошівський район,Житомирська
38215504,Окнянський район,Одеська
38223007,Зіньківський район,Полтавська
38230449,Таращанський район,Київська
38230873,Здолбунівський район,Рівненська
38231128,Хотинський район,Чернівецька
38232032,Борщівський район,Тернопільська
38232556,Городнянський район,Чернігівська
38236420,Мукачівський район,Закарпатська
38236676,Новомиргородський район,Кіровоградська
38248739,Барвінківський район,Харківська
38248917,Новотроїцький район,Херсонська
38256191,м. Кривий Ріг,Дніпропетровська
38257649,Шишацький район,Полтавська
38266365,м. Київ,м. Київ
38270455,Летичівський район,Хмельницька
38276153,Пирятинський район,Полтавська
38281797,Нововоронцовський район,Херсонська
38283239,Ярмолинецький район,Хмельницька
38284599,Великоберезнянський район,Закарпатська
38286423,Іванківський район,Київська
38286858,Олександрівський район,Кіровоградська
38286947,Марківський район,Луганська
38289089,Краснокутський район,Харківська
38292270,м. Київ,м. Київ
38297440,Білогірський район,Хмельницька
38302240,Кіровоградський район,Кіровоградська
38304599,Бородянський район,Київська
38304997,Врадіївський район,Миколаївська
38312395,Васильківський район,Київська
38313781,Баштанський район,Миколаївська
38313933,Кременчуцький район,Полтавська
38314078,Волочиський район,Хмельницька
38319453,Гадяцький район,Полтавська
38325425,Старобільський район,Луганська
38330435,Свалявський район,Закарпатська
38332322,Козівський район,Тернопільська
38339071,Єланецький район,Миколаївська
38341562,Новоград-Волинський район,Житомирська
38341981,Вознесенський район,Миколаївська
38342393,Диканський район,Полтавська
38345331,Оржицький район,Полтавська
38350179,м. Сєвєродонецьк,Луганська
38357572,Доманівський район,Миколаївська
38358026,Славутський район,Хмельницька
38363607,Братський район,Миколаївська
38366849,Бериславський район,Херсонська
38373547,Любешівський район,Волинська
38374357,Радивилівський район,Рівненська
38380533,Станично-Луганський район,Луганська
38381474,Миргородський район,Полтавська
38395183,Малинський район,Житомирська
38395246,Брусилівський район,Житомирська
38396501,Карлівський район,Полтавська
38396564,Великобагачанський район,Полтавська
38401359,Голованівський район,Кіровоградська
38402043,Шепетівський район,Хмельницька
38407172,Березанський район,Миколаївська
42483376,Ізмаїльський район,Одеська
38407455,Роздільнянський район,Одеська
38407591,Ананьївський район,Одеська
38407717,Костопільський район,Рівненська
38407889,Новоселицький район,Чернівецька
38412046,Березнегуватський район,Миколаївська
38412224,Новоодеський район,Миколаївська
38412444,Глобинський район,Полтавська
38412685,Дворічанський район,Харківська
38413170,Великолепетиський район,Херсонська
38416260,Гуляйпільський район,Запорізька
38416475,Володарський район,Київська
38417809,Верхньорогачицький район,Херсонська
38418088,Красилівський район,Хмельницька
38422871,Лановецький район,Тернопільська
38423042,Семенівський район,Чернігівська
38423901,Вишгородський район,Київська
38424617,Переяслав-Хмельницький район,Київська
38426200,Дубенський район,Рівненська
38426347,Дубровицький район,Рівненська
38427288,Чортківський район,Тернопільська
38435021,Богуславський район,Київська
38436470,Миколаївський район,Миколаївська
38440010,Сарненський район,Рівненська
38440115,Кременецький район,Тернопільська
38440356,Красноградський район,Харківська
38442712,Очаківський район,Миколаївська
38446709,Вознесенський район,Миколаївська
38447215,Бережанський район,Тернопільська
38447428,Кам`янець-Подільський район,Хмельницька
38453281,Борзнянський район,Чернігівська
38455645,Романівський район,Житомирська
38455891,Бердичівський район,Житомирська
38456539,Іршавський район,Закарпатська
38458175,м. Миколаїв,Миколаївська
38458892,Снігурівський район,Миколаївська
38459325,Хорольський район,Полтавська
38459524,Лубенський район,Полтавська
38462249,Макарівський район,Київська
38462558,Бориспільський район,Київська
38462626,Казанківський район,Миколаївська
38462935,Сокирянський район,Чернівецька
38466285,Міжгірський район,Закарпатська
38466531,Ужгородський район,Закарпатська
38467886,Баришівський район,Київська
38469307,Хмельницький район,Хмельницька
38469857,м. Черкаси,Черкаська
38469862,м. Черкаси,Черкаська
38473156,Каланчацький район,Херсонська
38474233,Горностаївський район,Херсонська
38475656,Світловодський район,Кіровоградська
38476906,Вітовський район,Миколаївська
38477077,Ширяївський район,Одеська
38480006,Чорнухинський район,Полтавська
38481743,Дунаєвецький район,Хмельницька
38485727,Любомльський район,Волинська
38485788,Ратнівський район,Волинська
38485879,Старовижівський район,Волинська
38486267,Рокитнянський район,Київська
38487180,Машівський район,Полтавська
38487677,Старокостянтинівський район,Хмельницька
38487834,Бобровицький район,Чернігівська
38492195,Чутівський район,Полтавська
38492302,м. Рівне,Рівненська
38498521,Козельщинський район,Полтавська
38500472,Черняхівський район,Житомирська
38500540,Чуднівський район,Житомирська
38500755,Сквирський район,Київська
38503159,м. Полтава,Полтавська
38503179,м. Полтава,Полтавська
38503185,м. Полтава,Полтавська
38503630,Підгаєцький район,Тернопільська
38505313,Первомайський район,Миколаївська
38505423,Демидівський район,Рівненська
38509208,Бучацький район,Тернопільська
38521272,Мелітопольський район,Запорізька
38522082,Кодимський район,Одеська
38522213,Семенівський район,Полтавська
38525759,Полтавський район,Полтавська
38534056,м. Рубіжне,Луганська
38534407,Лиманський район,Одеська
38534606,Татарбунарський район,Одеська
38534915,Решетилівський район,Полтавська
38540913,Гребінківський район,Полтавська
38540960,Кобеляцький район,Полтавська
38541220,Сторожинецький район,Чернівецька
38541660,Рожищенський район,Волинська
38542239,Чернігівський район,Запорізька
38542423,Новгородківський район,Кіровоградська
38543370,Острозький район,Рівненська
38543647,м. Тернопіль,Тернопільська
38543914,Прилуцький район,Чернігівська
38548802,Воловецький район,Закарпатська
38550036,Віньковецький район,Хмельницька
38552185,Любашівський район,Одеська
38552866,Золочівський район,Харківська
38558716,Горохівський район,Волинська
38559154,Якимівський район,Запорізька
38561624,Кіцманський район,Чернівецька
38562298,Олевський район,Житомирська
38565550,Вовчанський район,Харківська
38566126,Городоцький район,Хмельницька
38566219,Кам`янець-Подільський район,Хмельницька
38571999,м. Ірпінь,Київська
38575731,Сумський район,Сумська
38579825,Зачепилівський район,Харківська
38580081,Великобурлуцький район,Харківська
38580610,Маневицький район,Волинська
38584683,Сосницький район,Чернігівська
38584715,Новгород-Сіверський район,Чернігівська
38589283,Компаніївський район,Кіровоградська
38592741,Луцький район,Волинська
38593656,Зарічненський район,Рівненська
38600720,Кам`янсько-Дніпровський район,Запорізька
38600757,Новомиколаївський район,Запорізька
38600846,Новоархангельський район,Кіровоградська
38602639,Краснопільський район,Сумська
38602768,Нововодолазький район,Харківська
38608709,Оріхівський район,Запорізька
38609428,Верховинський район,Іван-Франківська
38610896,Балаклійський район,Харківська
38611140,Теофіпольський район,Хмельницька
38613347,Ємільчинський район,Житомирська
38614230,Бобринецький район,Кіровоградська
38617509,Біляївський район,Одеська
38621625,Борівський район,Харківська
38625368,Бердянський район,Запорізька
38625415,Василівський район,Запорізька
38626445,Більмацький район,Запорізька
38636516,Онуфріївський район,Кіровоградська
38637071,Гощанський район,Рівненська
38637368,Охтирський район,Сумська
38637457,Білозерський район,Херсонська
38641714,Вільшанський район,Кіровоградська
38645054,Тарутинський район,Одеська
38645269,Корецький район,Рівненська
38645384,Рокитнівський район,Рівненська
38645610,м. Тернопіль,Тернопільська
38645871,Олешківський район,Херсонська
38646750,Жашківський район,Черкаська
38652480,Підгаєцький район,Тернопільська
38652606,м. Нововолинськ,Волинська
38656312,Іванівський район,Херсонська
38661186,Арцизький район,Одеська
38661783,Липоводолинський район,Сумська
38665243,Міловський район,Луганська
38668003,Млинівський район,Рівненська
38672910,Камінь-Каширський район,Волинська
38680455,Добровеличківський район,Кіровоградська
38682646,Канівський район,Черкаська
38687817,Чаплинський район,Херсонська
38692240,Іваничівський район,Волинська
38696671,Овідіопольський район,Одеська
38699838,Бердянський район,Запорізька
38701511,Подільський район,Одеська
38701773,Герцаївський район,Чернівецька
38713045,м. Івано-Франківськ,Іван-Франківська
38715917,Коропський район,Чернігівська
38720288,Ріпкинський район,Чернігівська
38725548,Шумський район,Тернопільська
38731750,Радомишльський район,Житомирська
38732879,Запорізький район,Запорізька
38732885,Михайлівський район,Запорізька
38732974,Приазовський район,Запорізька
38740016,Каховський район,Херсонська
38742097,Бердичівський район,Житомирська
38742343,Пологівський район,Запорізька
38742830,Кременчуцький район,Полтавська
38742846,Кременчуцький район,Полтавська
38742851,Кременчуцький район,Полтавська
38743216,Шевченківський район,Харківська
38743462,м. Люботин,Харківська
38743499,Харківський район,Харківська
38743588,Харківський район,Харківська
38743829,Скадовський район,Херсонська
38744335,Талалаївський район,Чернігівська
38756010,Маловисківський район,Кіровоградська
38759540,Менський район,Чернігівська
38761806,Мелітопольський район,Запорізька
38763287,Новопсковський район,Луганська
38765198,Бахмацький район,Чернігівська
38783657,м. Запоріжжя,Запорізька
38783662,м. Запоріжжя,Запорізька
38796247,м. Луцьк,Волинська
38796636,Овруцький район,Житомирська
38797880,Долинський район,Кіровоградська
38799117,Козелецький район,Чернігівська
38802559,м. Кропивницький,Кіровоградська
38809093,Вільнянський район,Запорізька
38813822,Токмацький район,Запорізька
38813974,Дергачівський район,Харківська
38816603,Галицький район,Іван-Франківська
38816907,Снятинський район,Іван-Франківська
38817188,Гайворонський район,Кіровоградська
38822156,Березівський район,Одеська
38831532,Сахновщинський район,Харківська
38839154,м. Ужгород,Закарпатська
38842324,Саратський район,Одеська
38843710,м. Чернівці,Чернівецька
38844190,Знам`янський район,Кіровоградська
38844232,Петрівський район,Кіровоградська
38850219,Ківерцівський район,Волинська
38853852,Володимирецький район,Рівненська
38860558,Ніжинський район,Чернігівська
38860563,Ніжинський район,Чернігівська
38862686,Малинський район,Житомирська
38863187,Пулинський район,Житомирська
38868583,Підволочиський район,Тернопільська
38868830,Чорнобаївський район,Черкаська
38869194,Світловодський район,Кіровоградська
38869718,м. Нова Каховка,Херсонська
38884956,Звенигородський район,Черкаська
38892286,Первомайський район,Харківська
38897677,Зміївський район,Харківська
38902896,Броварський район,Київська
38916118,Коломацький район,Харківська
38916537,Богодухівський район,Харківська
38918010,Токмацький район,Запорізька
38943382,Києво-Святошинський район,Київська
38945065,м. Київ,м. Київ
38945128,м. Київ,м. Київ
38945657,м. Київ,м. Київ
38945945,м. Київ,м. Київ
38946192,м. Київ,м. Київ
38946268,м. Київ,м. Київ
38947848,Коростишівський район,Житомирська
38948312,м. Київ,м. Київ
38950515,Корсунь-Шевченківський район,Черкаська
38955665,Чернігівський район,Чернігівська
38960146,Локачинський район,Волинська
38960345,м. Київ,м. Київ
38960408,м. Київ,м. Київ
38960413,м. Київ,м. Київ
38960481,м. Київ,м. Київ
38960518,м. Київ,м. Київ
38961113,м. Київ,м. Київ
38961129,м. Київ,м. Київ
38967534,м. Суми,Сумська
38968171,м. Запоріжжя,Запорізька
38969531,м. Запоріжжя,Запорізька
38969547,м. Запоріжжя,Запорізька
38969615,м. Запоріжжя,Запорізька
38969678,м. Запоріжжя,Запорізька
38969725,м. Запоріжжя,Запорізька
38972429,Олександрійський район,Кіровоградська
38977296,Чигиринський район,Черкаська
38981957,м. Черкаси,Черкаська
38990598,Шполянський район,Черкаська
39002969,Броварський район,Київська
39005755,Приморський район,Запорізька
39007143,Коломийський район,Іван-Франківська
39011491,Смілянський район,Черкаська
39020574,Коломийський район,Іван-Франківська
39027648,м. Одеса,Одеська
39028772,Уманський район,Черкаська
39028882,Христинівський район,Черкаська
39030603,Драбівський район,Черкаська
39034372,Буринський район,Сумська
39040240,м. Одеса,Одеська
39042509,Андрушівський район,Житомирська
39045101,Роменський район,Сумська
39045431,Лугинський район,Житомирська
39048956,Хустський район,Закарпатська
39051031,м. Одеса,Одеська
39067895,Овідіопольський район,Одеська
39068066,Золотоніський район,Черкаська
39074153,м. Чугуїв,Харківська
39089416,Ічнянський район,Чернігівська
39095807,Сновський район,Чернігівська
39153580,Зборівський район,Тернопільська
39153910,Мукачівський район,Закарпатська
39176351,м. Івано-Франківськ,Іван-Франківська
39179279,м. Київ,м. Київ
39279527,м. Полтава,Полтавська
39336307,м. Дніпро,Дніпропетровська
39443227,м. Ірпінь,Київська
39496441,м. Київ,м. Київ
39511438,Збаразький район,Тернопільська
39752106,м. Київ,м. Київ
39774774,м. Ужгород,Закарпатська
39851963,Бердянський район,Запорізька
39944539,м. Дніпро,Дніпропетровська
40062193,м. Харків,Харківська
40106366,м. Ужгород,Закарпатська
40197537,Срібнянський район,Чернігівська
40204198,Високопільський район,Херсонська
40204397,Куликівський район,Чернігівська
40208517,Подільський район,Одеська
40208847,Коростенський район,Житомирська
40210861,Путивльський район,Сумська
40214913,Веселівський район,Запорізька
40221119,Миколаївський район,Львівська
40224130,Чортківський район,Тернопільська
40225993,Самбірський район,Львівська
40236036,Самбірський район,Львівська
40236261,Гощанський район,Рівненська
40238410,Старосамбірський район,Львівська
40238468,Сторожинецький район,Чернівецька
40240330,Гощанський район,Рівненська
40241161,Старосамбірський район,Львівська
40241769,Оріхівський район,Запорізька
40246437,Глибоцький район,Чернівецька
40247383,Богородчанський район,Іван-Франківська
40247577,Тернопільський район,Тернопільська
40247954,Катеринопільський район,Черкаська
40254427,Черкаський район,Черкаська
40256031,Золотоніський район,Черкаська
40259687,Березівський район,Одеська
40269249,Глухівський район,Сумська
40275248,Татарбунарський район,Одеська
40276503,Більмацький район,Запорізька
40283348,Глибоцький район,Чернівецька
40284540,Підволочиський район,Тернопільська
40286485,Борщівський район,Тернопільська
40287976,Більмацький район,Запорізька
40305172,Борщівський район,Тернопільська
40314763,Прилуцький район,Чернігівська
40317886,Уманський район,Черкаська
40333372,Хмельницький район,Хмельницька
40338826,Пологівський район,Запорізька
40358245,Славутський район,Хмельницька
40359029,Дубровицький район,Рівненська
40359914,Дніпровський район,Дніпропетровська
40377781,Корюківський район,Чернігівська
40379396,Андрушівський район,Житомирська
40382938,м. Київ,м. Київ
40390032,Мукачівський район,Закарпатська
40393782,Житомирський район,Житомирська
40393866,Самбірський район,Львівська
40396631,Хорошівський район,Житомирська
40407915,Костопільський район,Рівненська
40414351,м. Куп`янськ,Харківська
40420407,м. Дніпро,Дніпропетровська
40453432,Хорошівський район,Житомирська
40502175,м. Вінниця,Вінницька
40515844,Ічнянський район,Чернігівська
40586166,Кременчуцький район,Полтавська
40595597,Летичівський район,Хмельницька
40620416,Піщанський район,Вінницька
40626575,Городоцький район,Львівська
40636033,Самбірський район,Львівська
40655297,Голопристанський район,Херсонська
40671591,Катеринопільський район,Черкаська
40676055,Апостолівський район,Дніпропетровська
40704747,Варвинський район,Чернігівська
40711293,м. Київ,м. Київ
40769605,Новоселицький район,Чернівецька
40769694,Новоселицький район,Чернівецька
40769783,Новоселицький район,Чернівецька
40770267,Новоселицький район,Чернівецька
40808942,м. Полтава,Полтавська
40821675,м. Одеса,Одеська
40855931,Мостиський район,Львівська
40871181,м. Київ,м. Київ
40887956,м. Хмельницький,Хмельницька
40888750,м. Хмельницький,Хмельницька
40893412,Козелецький район,Чернігівська
40896007,м. Херсон,Херсонська
40898533,Глухівський район,Сумська
40947501,Очаківський район,Миколаївська
40949341,Самбірський район,Львівська
40953405,Житомирський район,Житомирська
40980271,Охтирський район,Сумська
40992563,Городоцький район,Хмельницька
40992732,Кролевецький район,Сумська
41007217,Іллінецький район,Вінницька
41012405,Обухівський район,Київська
41013482,Сарненський район,Рівненська
41014140,Дніпровський район,Дніпропетровська
41021561,Калинівський район,Вінницька
41055077,Бродівський район,Львівська
41055229,м. Сміла,Черкаська
41064034,Мостиський район,Львівська
41066560,Старосамбірський район,Львівська
41072553,Сумський район,Сумська
41072589,Сумський район,Сумська
41073068,Сумський район,Сумська
41073845,Сумський район,Сумська
41075533,Сумський район,Сумська
41075706,Дубровицький район,Рівненська
41083586,Оріхівський район,Запорізька
41085501,Зарічненський район,Рівненська
41089462,Краснопільський район,Сумська
41098807,Тростянецький район,Сумська
41103874,Дубенський район,Рівненська
41129489,Мостиський район,Львівська
41136480,Мостиський район,Львівська
41136847,м. Ужгород,Закарпатська
41140764,м. Хмельницький,Хмельницька
41158200,Великописарівський район,Сумська
41160010,м. Самбір,Львівська
41164790,Жмеринський район,Вінницька
41180990,Пустомитівський район,Львівська
41190270,Свалявський район,Закарпатська
41191651,м. Дніпро,Дніпропетровська
41195567,м. Львів,Львівська
41209595,Кам`янка-Бузький район,Львівська
41215331,Зборівський район,Тернопільська
41221225,Попільнянський район,Житомирська
41228157,Києво-Святошинський район,Київська
41247489,Борщівський район,Тернопільська
41274596,Путильський район,Чернівецька
41276572,Бахмутський район,Донецька
41322906,Баранівський район,Житомирська
41345263,Немирівський район,Вінницька
41348856,Лубенський район,Полтавська
41368558,Монастирищенський район,Черкаська
41372737,Березанський район,Миколаївська
41382677,Житомирський район,Житомирська
41394939,Тлумацький район,Іван-Франківська
41410274,Долинський район,Іван-Франківська
41412507,м. Київ,м. Київ
41420607,Каховський район,Херсонська
41428082,Чугуївський район,Харківська
41428779,Запорізький район,Запорізька
41431865,Броварський район,Київська
41435901,Олешківський район,Херсонська
41454112,Томашпільський район,Вінницька
41479671,Охтирський район,Сумська
41491856,м. Дніпро,Дніпропетровська
41493020,Криничанський район,Дніпропетровська
41496257,Вознесенський район,Миколаївська
41505308,Бродівський район,Львівська
41517219,м. Рівне,Рівненська
41521487,м. Хмельницький,Хмельницька
41536630,Романівський район,Житомирська
41553351,Коломийський район,Іван-Франківська
41555668,м. Київ,м. Київ
41579448,Бершадський район,Вінницька
41589220,Бердичівський район,Житомирська
41597797,Олешківський район,Херсонська
41604458,Хмільницький район,Вінницька
41614251,Глухівський район,Сумська
41635879,Томашпільський район,Вінницька
41680146,м. Чугуїв,Харківська
41698415,Криничанський район,Дніпропетровська
41709950,Кролевецький район,Сумська
41732618,Хотинський район,Чернівецька
41732801,м. Одеса,Одеська
41738028,Веселинівський район,Миколаївська
41740461,Дубенський район,Рівненська
41742118,Дубенський район,Рівненська
41745061,Катеринопільський район,Черкаська
41750202,Бориспільський район,Київська
41750747,Волочиський район,Хмельницька
41758264,м. Ладижин,Вінницька
41769166,Виноградівський район,Закарпатська
41769365,Білозерський район,Херсонська
41773113,Тальнівський район,Черкаська
41775887,Запорізький район,Запорізька
41777601,Маньківський район,Черкаська
41777821,Ямпільський район,Сумська
41783594,м. Козятин,Вінницька
41789203,Сумський район,Сумська
41803699,Павлоградський район,Дніпропетровська
41804158,Запорізький район,Запорізька
41811158,Сторожинецький район,Чернівецька
41813691,Чаплинський район,Херсонська
41818946,Сумський район,Сумська
41820206,Нововодолазький район,Харківська
41823453,Попільнянський район,Житомирська
41828399,Сумський район,Сумська
41830570,Іллінецький район,Вінницька
41830701,м. Чоп,Закарпатська
41832777,Путивльський район,Сумська
41833194,Липовецький район,Вінницька
41833215,Миколаївський район,Львівська
41835233,Шумський район,Тернопільська
41835741,Добровеличківський район,Кіровоградська
41837052,Драбівський район,Черкаська
41838805,Рогатинський район,Іван-Франківська
41839285,Рожнятівський район,Іван-Франківська
41839788,Городоцький район,Львівська
42108962,Сокальський район,Львівська
41841619,Демидівський район,Рівненська
41844941,Коростенський район,Житомирська
41845440,Самбірський район,Львівська
41848331,Конотопський район,Сумська
41850775,Пустомитівський район,Львівська
41851009,Пустомитівський район,Львівська
41855129,Охтирський район,Сумська
41861296,Охтирський район,Сумська
41870058,Сокирянський район,Чернівецька
41870660,Кам`янсько-Дніпровський район,Запорізька
41877252,Полонський район,Хмельницька
41877472,Тиврівський район,Вінницька
41886843,Білгород-Дністровський район,Одеська
41894299,Костопільський район,Рівненська
41894875,Пустомитівський район,Львівська
41897420,Пулинський район,Житомирська
41900490,м. Червоноград,Львівська
41901934,Калуський район,Іван-Франківська
41906974,м. Жовті Води,Дніпропетровська
41931754,м. Житомир,Житомирська
41935832,Лановецький район,Тернопільська
41937159,Лисянський район,Черкаська
41940690,Баранівський район,Житомирська
41951739,Надвірнянський район,Іван-Франківська
41955911,Веселівський район,Запорізька
41964879,Тетіївський район,Київська
41977228,Вижницький район,Чернівецька
41980178,Підволочиський район,Тернопільська
41991609,Коломийський район,Іван-Франківська
41995294,Тисменицький район,Іван-Франківська
41996785,Збаразький район,Тернопільська
41999084,Тлумацький район,Іван-Франківська
42002686,м. Нетішин,Хмельницька
42010833,Верховинський район,Іван-Франківська
42011926,Сарненський район,Рівненська
42012846,Бердянський район,Запорізька
42017886,Кам`янський район,Черкаська
42019223,Ужгородський район,Закарпатська
42021164,Кам`янка-Бузький район,Львівська
42022388,Бородянський район,Київська
42027517,Млинівський район,Рівненська
42037326,м. Енергодар,Запорізька
42043117,Городенківський район,Іван-Франківська
42043319,Тячівський район,Закарпатська
42050407,Тернопільський район,Тернопільська
42061427,Рожнятівський район,Іван-Франківська
42068988,м. Южноукраїнськ,Миколаївська
42069777,Петропавлівський район,Дніпропетровська
42070740,Городищенський район,Черкаська
42072308,Тернопільський район,Тернопільська
42075445,Миргородський район,Полтавська
42077903,Косівський район,Іван-Франківська
42080790,м. Яремче,Іван-Франківська
42080984,Перечинський район,Закарпатська
42081160,Городищенський район,Черкаська
42081684,м. Буча,Київська
42088653,Тростянецький район,Сумська
42096899,Надвірнянський район,Іван-Франківська
42097233,Галицький район,Іван-Франківська
42097453,Веселівський район,Запорізька
42099047,Лановецький район,Тернопільська
42100350,Чортківський район,Тернопільська
42107471,Тячівський район,Закарпатська
42111032,Вітовський район,Миколаївська
42114321,Дубенський район,Рівненська
42124853,Середино-Будський район,Сумська
42126735,Устинівський район,Кіровоградська
42128842,Городоцький район,Хмельницька
42130081,Волочиський район,Хмельницька
42140021,Сколівський район,Львівська
42161921,Любарський район,Житомирська
42165308,Косівський район,Іван-Франківська
42175646,Богородчанський район,Іван-Франківська
42176435,Тячівський район,Закарпатська
42177140,Вінницький район,Вінницька
42184870,м. Яремче,Іван-Франківська
42189114,Новомосковський район,Дніпропетровська
42195683,Калуський район,Іван-Франківська
42204729,м. Суми,Сумська
42212991,Олевський район,Житомирська
42224043,м. Стрий,Львівська
42224326,Біляївський район,Одеська
42233000,м. Чугуїв,Харківська
42241755,Баришівський район,Київська
42244782,м. Бурштин,Іван-Франківська
42252154,Біляївський район,Одеська
42257058,Веселівський район,Запорізька
42264820,Шосткинський район,Сумська
42265630,Локачинський район,Волинська
42269550,Борщівський район,Тернопільська
42272935,Криничанський район,Дніпропетровська
42273991,м. Київ,м. Київ
42274953,Стрийський район,Львівська
42275983,Білопільський район,Сумська
42277419,Шепетівський район,Хмельницька
42278319,м. Маріуполь,Донецька
42278544,м. Полтава,Полтавська
42293398,Якимівський район,Запорізька
42303334,Шаргородський район,Вінницька
42305352,Володимир-Волинський район,Волинська
42311193,Жидачівський район,Львівська
42318513,Синельниківський район,Дніпропетровська
42326482,Долинський район,Іван-Франківська
42332480,Білопільський район,Сумська
42346446,Козятинський район,Вінницька
42347497,Мостиський район,Львівська
42349426,Переяслав-Хмельницький район,Київська
42349726,Бердянський район,Запорізька
42353872,м. Суми,Сумська
42368260,Білгород-Дністровський район,Одеська
42376774,Надвірнянський район,Іван-Франківська
42389605,Києво-Святошинський район,Київська
42397878,м. Суми,Сумська
42408329,Білоцерківський район,Київська
42417490,Верховинський район,Іван-Франківська
42425758,Тлумацький район,Іван-Франківська
42427933,Черняхівський район,Житомирська
42428172,Путильський район,Чернівецька
42428188,Маневицький район,Волинська
42428764,Старосамбірський район,Львівська
42441172,Радомишльський район,Житомирська
42447462,Тульчинський район,Вінницька
42448068,Турківський район,Львівська
42486365,м. Нововолинськ,Волинська
42487175,Малинський район,Житомирська
42493833,Новоселицький район,Чернівецька
42500117,м. Южне,Одеська
42501168,Прилуцький район,Чернігівська
42507112,м. Дніпро,Дніпропетровська
42513875,м. Болехів,Іван-Франківська
42527165,Юр`ївський район,Дніпропетровська
42553111,м. Суми,Сумська
42563046,Вінницький район,Вінницька
42565415,Кіцманський район,Чернівецька
42566178,Надвірнянський район,Іван-Франківська
42578326,м. Суми,Сумська
42579187,Кам`янець-Подільський район,Хмельницька
42621851,Ратнівський район,Волинська
42633385,м. Лозова,Харківська
42662070,м. Вараш,Рівненська
42698128,Ізюмський район,Харківська
